  Doctor_id,Doctor_Name,Hospital_id,Date_joined,Speciality,Salary,Experience,Email
1,Mercy,3847,13-Mar-20,ENT,Junior,50000,mercy@gmail.com
2,Mike,3846,29-Jun-18,Neurology,Senior,80000,mike@gmail.com
3,John,1023,2-Jan-19,Gynacology,Senior,70000,john@gmail.com
4,Esther,4756,3-Apr-20,Psychiatry,Intern,20000,esther@gmail.com
5,Timothy,2834,21-Aug-19,Orthopedics,Junior,60000,rimothy@gmail.com
6,Mary,1111,5/11/2020,Physisian,Junior,40000,mary@gmail.com
